USE MySchool
--向Grade表插入数据
INSERT INTO Grade VALUES('S1')
INSERT INTO Grade VALUES('S2')
INSERT INTO Grade VALUES('Y2')
--向Subject表插入数据
INSERT INTO Subject VALUES('Winforms',20,1)
INSERT INTO Subject VALUES('Java Logic',16,1)
INSERT INTO Subject VALUES('SQL Base',18,1)
INSERT INTO Subject VALUES('HTML',32,1)
INSERT INTO Subject VALUES('Proc',38,1)
INSERT INTO Subject VALUES('Project',36,1)
INSERT INTO Subject VALUES('C# OOP',24,2)
INSERT INTO Subject VALUES('Three Tier',28,2)
INSERT INTO Subject VALUES('Java OOP',12,2)
INSERT INTO Subject VALUES('JSP',26,2)
INSERT INTO Subject VALUES('JavaScript',24,2)
INSERT INTO Subject VALUES('T-SQL',22,2)
INSERT INTO Subject VALUES('Project',42,2)
INSERT INTO Subject VALUES('ASP.NET',38,3)
INSERT INTO Subject VALUES('Control+Ajax',12,3)
--向Student表插入数据
INSERT INTO Student VALUES('10000','GuoJing','郭靖',1,1,02088762106,'天津市河西区','1987-09-08 00:00:00','GuoJing@sohu.com',111111)
INSERT INTO Student VALUES('10001','LiWenCai','李文才',1,1,01062768866,'地址不详','1993-03-04 00:00:00','LiWenCai@sohu.com',111112)
INSERT INTO Student VALUES('10002','LiSiWen','李斯文',1,1,02183410615,'河南洛阳','1992-08-08 00:00:00','LiSiWen@sohu.com',111113)
INSERT INTO Student VALUES('10011','WuSong','武松',0,1,01062768888,'地址不详','1984-12-31 00:00:00','WuSong@sohu.com',111114)
INSERT INTO Student VALUES('10012','HeQiang','何强',0,1,02183567890,'地址不详','1991-08-30 00:00:00','HeQiang@sohu.com',111120)
INSERT INTO Student VALUES('20011','ZhangSan','张三',1,1,15290234178,'北京市海淀区','1994-01-01 00:00:00','ZhangSan@sohu.com',111115)
INSERT INTO Student VALUES('20012','ZhangQiuYu','张秋丽',0,2,01062751414,'北京市东城区','1990-06-05 00:00:00','ZhangQiuYu@sohu.com',111116)
INSERT INTO Student VALUES('20015','XiaoMei','肖梅',0,2,031466557171,'河北省石家庄市','1996-10-01 00:00:00','XiaoMei@sohu.com',111117)
INSERT INTO Student VALUES('30021','OuYangJunXiong','欧阳俊雄',1,2,02277585000,'上海市卢湾区','1995-09-29 00:00:00','OuYangJunXiong@sohu.com',111118)
INSERT INTO Student VALUES('30023','MeiChaoFeng','梅超风',0,2,031466557172,'广州市天河区','1997-08-30 00:00:00','MeiChaoFeng@sohu.com',111119)
--向Result表插入数据
INSERT INTO Result VALUES('10001',2,'2013-02-15 00:00:00',70.6)
INSERT INTO Result VALUES('10000',2,'2013-02-17 00:00:00',60)
INSERT INTO Result VALUES('10001',2,'2013-02-17 00:00:00',46)
INSERT INTO Result VALUES('10002',2,'2013-02-17 00:00:00',83)
INSERT INTO Result VALUES('10011',2,'2013-02-16 00:00:00',71)
INSERT INTO Result VALUES('10011',2,'2013-02-17 00:00:00',95.5)
INSERT INTO Result VALUES('10012',2,'2013-02-15 00:00:00',76)
INSERT INTO Result VALUES('20011',2,'2013-02-15 00:00:00',60)
INSERT INTO Result VALUES('20012',2,'2013-02-15 00:00:00',91)
INSERT INTO Result VALUES('20012',7,'2013-02-15 00:00:00',61)
INSERT INTO Result VALUES('20015',2,'2013-02-15 00:00:00',60)
INSERT INTO Result VALUES('20015',7,'2013-02-15 00:00:00',65)
INSERT INTO Result VALUES('30021',2,'2013-02-15 00:00:00',23)
INSERT INTO Result VALUES('30021',8,'2013-02-15 00:00:00',74)
INSERT INTO Result VALUES('30023',2,'2013-02-15 00:00:00',23)
INSERT INTO Result VALUES('30023',9,'2013-02-15 00:00:00',39)